{
    "Version": "2012-10-17",
    "Statement": [
      {
        "Effect": "Allow",
        "Action": "*",
        "Resource": "*"
      },
      {
        "Effect": "Deny",
        "NotAction": [
          "iam:ChangePassword",
          "iam:GetUser",
          "iam:ListMFADevices",
          "iam:CreateVirtualMFADevice",
          "iam:EnableMFADevice",
          "iam:ResyncMFADevice",
          "iam:DeactivateMFADevice",
          "iam:ListUsers"
        ],
        "Resource": "*",
        "Condition": {
          "Bool": {
            "aws:MultiFactorAuthPresent": "false"
          }
        }
      }
    ]
  }