{
  "Version": "2012-10-17",
  "Statement": [
    {
      "Sid": "DenyAllAWSServicesExceptBreakglassRoles",
      "Effect": "Deny",
      "Action": "*",
      "Resource": "*",
      "Condition": {
        "ArnNotLike": {
          "aws:PrincipalArn": [
            "arn:${PARTITION}:iam::*:role/${MANAGEMENT_ACCOUNT_ACCESS_ROLE}",
            "arn:${PARTITION}:iam::*:role/aws*",
            "arn:${PARTITION}:iam::*:role/${ACCELERATOR_PREFIX}*",
            "arn:${PARTITION}:iam::*:role/cdk-accel-*"
          ]
        }
      }
    }
  ]
}
